Symbol,Security
AC,Associated Capital Group Inc
ACA,Arcosa Inc
ACAD,Acadia Pharmaceuticals Inc
ACCD,Accolade Inc
ACCO,Acco Brands Corporation
ACEL,Accel Entertainment Inc
ACET,Adicet Bio Inc
ACHR,Archer Aviation Inc
ACIW,ACI Worldwide Inc
ACLS,Axcelis Technologies Inc
ACLX,Arcellx Inc
ACMR,ACM Research Inc
ACNB,ACNB Corp.
ACRE,Ares Commercial Real Estate Corp
ACRS,Aclaris Therapeutics Inc
ACRV,Acrivon Therapeutics Inc
ACT,Enact Holdings Inc
ACVA,ACV Auctions Inc
ADC,Agree Realty Corp.
ADEA,Adeia Inc
ADMA,Adma Biologics Inc
ADNT,Adient plc
ADPT,Adaptive Biotechnologies Corp
ADTH,AdTheorent Holding Company Inc
ADTN,ADTRAN Holdings Inc
ADUS,Addus HomeCare Corporation
ADV,Advantage Solutions Inc.
AEIS,Advanced Energy Industries Inc.
AEL,American Equity Investment Life Holding Co
AEO,American Eagle Outfitters Inc.
AEVA,Aeva Technologies Inc
AFCG,AFC Gamma Inc
AFMD,Affimed N.V.
AGEN,Agenus Inc
AGIO,Agios Pharmaceuticals Inc
AGM,Federal Agricultural Mortgage Corp.
AGTI,Agiliti Inc
AGX,"Argan, Inc."
AGYS,"Agilysys, Inc"
AHCO,AdaptHealth Corp
AHH,Armada Hoffler Properties Inc
AHT,Ashford Hospitality Trust Inc
AI,C3.ai Inc
AIN,Albany International Corp.
AIP,Arteris Inc
AIR,AAR Corp.
AIRS,Airsculpt Technologies Inc
AIT,Applied Industrial Technologies Inc.
AIV,Apartment Investment & Management Co.
AJRD,Aerojet Rocketdyne Holdings Inc
AKA,a.k.a. Brands Holding Corp
AKR,Acadia Realty Trust
AKRO,Akero Therapeutics Inc
AKTS,Akoustis Technologies Inc
AKYA,Akoya Biosciences Inc
ALCO,Alico Inc.
ALE,"Allete, Inc."
ALEC,Alector Inc
ALEX,Alexander & Baldwin Inc.
ALG,Alamo Group Inc.
ALGT,Allegiant Travel
ALHC,Alignment Healthcare Inc
ALIT,Alight Inc.
ALKS,Alkermes plc
ALKT,Alkami Technology Inc
ALLO,Allogene Therapeutics Inc
ALPN,Alpine Immune Sciences Inc
ALRM,Alarm.com Holdings Inc
ALRS,Alerus Financial Corp
ALTG,Alta Equipment Group Inc
ALTO,Alto Ingredients Inc
ALTR,Altair Engineering Inc
ALVR,AlloVir Inc
ALX,Alexander`s Inc.
ALXO,Alx Oncology Holdings Inc
AMAL,Amalgamated Financial Corp
AMBA,Ambarella Inc
AMBC,AMBAC Financial Group Inc.
AMCX,AMC Networks Inc
AMEH,Apollo Medical Holdings Inc
AMK,Assetmark Financial Holdings Inc
AMKR,AMKOR Technology Inc.
AMLX,Amylyx Pharmaceuticals Inc
AMN,AMN Healthcare Services Inc.
AMNB,American National Bankshares Inc.
AMPH,Amphastar Pharmaceuticals Inc
AMPL,Amplitude Inc
AMPS,Altus Power Inc
AMPY,Amplify Energy Corp.
AMR,Alpha Metallurgical Resources Inc
AMRC,Ameresco Inc.
AMRK,A-Mark Precious Metals Inc
AMRS,Amyris Inc
AMRX,Amneal Pharmaceuticals Inc
AMSF,Amerisafe Inc
AMSWA,American Software Inc.
AMTB,Amerant Bancorp Inc
AMTX,Aemetis Inc
AMWD,American Woodmark Corp.
AMWL,American Well Corporation
ANAB,AnaptysBio Inc
ANDE,Andersons Inc.
ANF,Abercrombie & Fitch Co.
ANGO,Angiodynamic Inc
ANIK,Anika Therapeutics Inc.
ANIP,ANI Pharmaceuticals Inc
ANTX,AN2 Therapeutics Inc
AOMR,Angel Oak Mortgage REIT Inc
AORT,Artivion Inc
AOSL,Alpha & Omega Semiconductor Ltd
APAM,Artisan Partners Asset Management Inc
APEI,American Public Education Inc
APG,APi Group Corporation
APLD,Applied Digital Corporation
APLE,Apple Hospitality REIT Inc
APLS,Apellis Pharmaceuticals Inc
APOG,Apogee Enterprises Inc.
APPF,Appfolio Inc
APPH,AppHarvest Inc
APPN,Appian Corp
APPS,Digital Turbine Inc
ARCB,ArcBest Corp
ARCH,Arch Resources Inc
ARCT,Arcturus Therapeutics Holdings Inc
AREN,Arena Group Holdings Inc (The)
ARGO,Argo Group International Holdings Ltd
ARI,Apollo Commercial Real Estate Finance Inc
ARIS,Aris Water Solutions Inc
ARKO,ARKO Corp
ARL,American Realty Investors Inc.
ARLO,Arlo Technologies Inc
ARNC,Arconic Corporation
AROC,Archrock Inc
AROW,Arrow Financial Corp.
ARQT,Arcutis Biotherapeutics Inc
ARR,ARMOUR Residential REIT Inc
ARRY,Array Technologies Inc
ARTNA,Artesian Resources Corp.
ARVN,Arvinas Inc
ARWR,Arrowhead Pharmaceuticals Inc.
ASAN,Asana Inc
ASB,Associated Banc-Corp.
ASC,Ardmore Shipping Corp
ASGN,ASGN Inc
ASIX,AdvanSix Inc
ASLE,AerSale Corp
ASO,Academy Sports and Outdoors Inc
ASPN,Aspen Aerogels Inc.
ASTE,Astec Industries Inc.
ASTR,Astra Space Inc
ATEC,Alphatec Holdings Inc
ATEN,A10 Networks Inc
ATER,Aterian Inc
ATEX,Anterix Inc
ATGE,Adtalem Global Education Inc
ATHA,Athira Pharma Inc
ATI,ATI Inc
ATIP,ATI Physical Therapy Inc
ATKR,Atkore Inc
ATLC,Atlanticus Holdings Corp
ATNI,ATN International Inc
ATOM,Atomera Inc
ATRA,Atara Biotherapeutics Inc
ATRC,Atricure Inc
ATRI,Atrion Corp.
ATRO,Astronics Corp.
ATSG,Air Transport Services Group Inc
AUB,Atlantic Union Bankshares Corp
AUPH,Aurinia Pharmaceuticals Inc
AURA,Aura Biosciences Inc
AVA,Avista Corp.
AVAH,Aveanna Healthcare Holdings Inc
AVAV,AeroVironment Inc.
AVD,American Vanguard Corp.
AVDX,AvidXchange Holdings Inc
AVID,"Avid Technology, Inc."
AVIR,Atea Pharmaceuticals Inc
AVNS,Avanos Medical Inc
AVNT,Avient Corp
AVNW,Aviat Networks Inc
AVO,Mission Produce Inc
AVPT,AvePoint Inc
AVTA,Avantax Inc
AVTE,Aerovate Therapeutics Inc
AVXL,Anavex Life Sciences Corporation
AWR,American States Water Co.
AX,Axos Financial Inc.
BTAI,BioXcel Therapeutics Inc
BTU,Peabody Energy Corp.
BUSE,First Busey Corp.
BV,BrightView Holdings Inc
BVH,Bluegreen Vacations Holding Corporation
BVS,Bioventus Inc
BW,Babcock & Wilcox Enterprises Inc
BWB,Bridgewater Bancshares Inc
BWFG,Bankwell Financial Group Inc
BXC,Bluelinx Hldgs Inc
BXMT,Blackstone Mortgage Trust Inc
BY,Byline Bancorp Inc
BYND,Beyond Meat Inc
BZH,Beazer Homes USA Inc.
CAC,Camden National Corp.
CADE,Cadence Bank
CAKE,Cheesecake Factory Inc.
CAL,Caleres Inc
CALM,"Cal-Maine Foods, Inc."
CALX,Calix Inc
CANO,Cano Health Inc
CARA,Cara Therapeutics Inc
CARE,Carter Bankshares Inc
CARG,CarGurus Inc
CARS,Cars.com
CASA,Casa Systems Inc
CASH,Pathward Financial Inc
CASS,Cass Information Systems Inc
CATC,Cambridge Bancorp
CATO,Cato Corp.
CATY,Cathay General Bancorp
CBAN,"Colony Bankcorp, Inc."
CBL,"CBL& Associates Properties, Inc."
CBNK,Capital Bancorp Inc
CBRL,Cracker Barrel Old Country Store Inc
CBT,Cabot Corp.
CBU,"Community Bank System, Inc."
CBZ,Cbiz Inc
CCB,Coastal Financial Corp
CCBG,"Capital City Bank Group, Inc."
CCCC,C4 Therapeutics Inc
CCF,Chase Corp.
CCNE,CNB Financial Corp (PA)
CCO,Clear Channel Outdoor Holdings Inc.
CCOI,Cogent Communications Holdings Inc
CCRN,"Cross Country Healthcares, Inc."
CCS,Century Communities Inc
CCSI,Consensus Cloud Solutions Inc
CDE,Coeur Mining Inc
CDLX,Cardlytics Inc
CDMO,Avid Bioservices Inc
CDNA,Caredx Inc
CDRE,Cadre Holdings Inc
CDXS,Codexis Inc.
CEIX,Consol Energy Inc
CELH,Celsius Holdings Inc
CELL,PhenomeX Inc
CELU,Celularity Inc
CENN,Cenntro Electric Group Limited
CENT,Central Garden & Pet Co.
CENTA,Central Garden & Pet Co.
CENX,Century Aluminum Co.
CERE,Cerevel Therapeutics Holdings Inc
CERS,Cerus Corp.
CEVA,Ceva Inc.
CFB,Crossfirst Bankshares Inc
CFFN,Capitol Federal Financial
CGEM,Cullinan Oncology Inc
CHCO,City Holding Co.
CHCT,Community Healthcare Trust Inc
CHEF,Chefs` Warehouse Inc
CHGG,Chegg Inc
CHRD,Chord Energy Corp
CHRS,Coherus Biosciences Inc
CHS,"Chico`s Fas, Inc."
CHUY,Chuy`s Holdings Inc
CHX,ChampionX Corp.
CIFR,Cipher Mining Inc
CIM,Chimera Investment Corp
CIO,City Office REIT Inc
CIR,Circor International Inc
CISO,CISO Global Inc
CIVB,Civista Bancshares Inc
CIVI,Civitas Resources Inc
CIX,"Compx International, Inc."
CLAR,Clarus Corp
CLBK,"Columbia Financial, Inc"
CLDT,Chatham Lodging Trust
CLDX,Celldex Therapeutics Inc.
CLFD,Clearfield Inc
CLNE,Clean Energy Fuels Corp
CLOV,Clover Health Investments Corp
CLPR,Clipper Realty Inc
CLSK,Cleanspark Inc
CLW,Clearwater Paper Corp
CMAX,CareMax Inc
CMBM,Cambium Networks Corp
CMC,Commercial Metals Co.
CMCO,Columbus Mckinnon Corp.
CMLS,Cumulus Media Inc.
CMP,Compass Minerals International Inc
CMPO,CompoSecure Inc
CMPR,Cimpress plc
CMRE,Costamare Inc
CMRX,Chimerix Inc
CMTG,Claros Mortgage Trust Inc
CMTL,Comtech Telecommunications Corp.
CNDT,Conduent Inc
CNK,Cinemark Holdings Inc
CNMD,Conmed Corp.
CNNE,Cannae Holdings Inc
CNO,CNO Financial Group Inc
CNOB,ConnectOne Bancorp Inc.
CNS,Cohen & Steers Inc.
CNSL,Consolidated Communications Holdings Inc
CNTY,Century Casinos Inc.
CNX,CNX Resources Corp
CNXN,"PC Connection, Inc."
COCO,Vita Coco Company Inc (The)
CODI,Compass Diversified Holdings
COGT,Cogent Biosciences Inc
COHU,"Cohu, Inc."
COKE,Coca-Cola Consolidated Inc
COLL,Collegium Pharmaceutical Inc
COMM,CommScope Holding Company Inc
COMP,Compass Inc
CONN,Conns Inc
COOK,Traeger Inc
COOP,Mr. Cooper Group Inc
CORT,Corcept Therapeutics Inc
COUR,Coursera Inc
CPE,Callon Petroleum Co.
CPF,Central Pacific Financial Corp.
CPK,Chesapeake Utilities Corp
CPRX,Catalyst Pharmaceuticals Inc
CPSI,Computer Programs & Systems Inc
CPSS,"Consumer Portfolio Service, Inc."
CPTN,Cepton Inc
CRAI,CRA International Inc.
CRBU,Caribou Biosciences Inc
CRC,California Resources Corporation
CRDO,Credo Technology Group Holding Ltd
CRGE,Charge Enterprises Inc
CRGY,Crescent Energy Co.
CRK,"Comstock Resources, Inc."
CRMT,"Americas Car Mart, Inc."
CRNC,Cerence Inc
CRNX,Crinetics Pharmaceuticals Inc
CROX,Crocs Inc
CRS,Carpenter Technology Corp.
CRSR,Corsair Gaming Inc
CRVL,Corvel Corp.
CSGS,CSG Systems International Inc.
CSR,Centerspace
CSTE,Caesarstone Ltd
CSTL,Castle Biosciences Inc
CSTM,Constellium SE
CSTR,CapStar Financial Holdings Inc
CSV,"Carriage Services, Inc."
CSWI,CSW Industrials Inc
CTBI,"Community Trust Bancorp, Inc."
CTIC,CTI BioPharma Corp
CTKB,Cytek BioSciences Inc
CTLP,Cantaloupe Inc
CTO,CTO Realty Growth Inc
CTOS,Custom Truck One Source Inc
CTRE,CareTrust REIT Inc
CTRN,Citi Trends Inc
CTS,CTS Corp.
CTV,Innovid Corp
CUBI,Customers Bancorp Inc
CURO,CURO Group Holdings Corp
CURV,Torrid Holdings Inc
CUTR,Cutera Inc
CVBF,CVB Financial Corp.
CVCO,Cavco Industries Inc
CVGW,"Calavo Growers, Inc"
CVI,CVR Energy Inc
CVLG,Covenant Logistics Group Inc
CVLT,Commvault Systems Inc
CVT,Cvent Holding Corp
CWEN,Clearway Energy Inc
CWH,Camping World Holdings Inc
CWK,Cushman & Wakefield plc
CWST,"Casella Waste Systems, Inc."
CWT,California Water Service Group
CXW,CoreCivic Inc
CYH,"Community Health Systems, Inc."
CYRX,CryoPort Inc
CYTK,Cytokinetics Inc
CZNC,Citizens & Northern Corp
DAN,Dana Inc
DAWN,Day One Biopharmaceuticals Inc
DBI,Designer Brands Inc
DBRG,DigitalBridge Group Inc
DC,Dakota Gold Corp
DCGO,DocGo Inc
DCO,Ducommun Inc.
DCOM,Dime Community Bancshares Inc
DCPH,Deciphera Pharmaceuticals Inc
DDD,3D Systems Corp.
DDS,Dillard`s Inc.
DEA,Easterly Government Properties Inc
DEN,Denbury Inc.
DENN,Denny`s Corp.
DFH,Dream Finders Homes Inc
DFIN,Donnelley Financial Solutions Inc
DGICA,Donegal Group Inc.
DGII,"Digi International, Inc."
DHC,Diversified Healthcare Trust
DHIL,"Diamond Hill Investment Group, Inc."
DHT,DHT Holdings Inc
DHX,DHI Group Inc
DIBS,1stdibs.com Inc
DICE,DICE Therapeutics Inc
DIN,Dine Brands Global Inc
DIOD,"Diodes, Inc."
DJCO,Daily Journal Corporation
DK,Delek US Holdings Inc
DLTH,Duluth Holdings Inc
DLX,Deluxe Corp.
DM,Desktop Metal Inc
DMRC,Digimarc Corporation
DNLI,Denali Therapeutics Inc
DNMR,Danimer Scientific Inc
DNOW,NOW Inc
DNUT,Krispy Kreme Inc
DO,"Diamond Offshore Drilling, Inc."
DOC,Physicians Realty Trust
DOCN,DigitalOcean Holdings Inc
DOMA,Doma Holdings Inc
DOMO,Domo Inc.
DOOR,Masonite International Corp
DORM,Dorman Products Inc
DOUG,Douglas Elliman Inc
DRH,Diamondrock Hospitality Co.
DRQ,"Dril-Quip, Inc."
DSEY,Diversey Holdings Ltd
DSGN,Design Therapeutics Inc
DSGR,Distribution Solutions Group Inc
DSKE,Daseke Inc
DSP,Viant Technology Inc
DTC,Solo Brands Inc
DUOL,Duolingo Inc
DVAX,Dynavax Technologies Corp.
DX,"Dynex Capital, Inc."
DXLG,Destination XL Group Inc
DXPE,"DXP Enterprises, Inc."
DY,"Dycom Industries, Inc."
DYN,Dyne Therapeutics Inc
DZSI,DZS Inc
EAF,GrafTech International Ltd.
EAT,"Brinker International, Inc."
EB,Eventbrite Inc
EBC,Eastern Bankshares Inc.
EBF,Ennis Inc.
EBIX,Ebix Inc.
EBS,Emergent Biosolutions Inc
EBTC,"Enterprise Bancorp, Inc."
ECPG,"Encore Capital Group, Inc."
ECVT,Ecovyst Inc
EDIT,Editas Medicine Inc
EE,Excelerate Energy Inc
EFC,Ellington Financial Inc
EFSC,Enterprise Financial Services Corp.
EGAN,eGain Corp
EGBN,Eagle Bancorp Inc (MD)
EGHT,8X8 Inc.
EGIO,Edgio Inc
EGLE,Eagle Bulk Shipping Inc
EGRX,Eagle Pharmaceuticals Inc
EGY,"VAALCO Energy, Inc."
EHTH,eHealth Inc
EIG,Employers Holdings Inc
EIGR,Eiger BioPharmaceuticals Inc
ELF,e.l.f. Beauty Inc
ELME,Elme Communities
EMBC,Embecta Corp
EME,"Emcor Group, Inc."
ENFN,Enfusion Inc
ENOB,Enochian Biosciences Inc
ENR,Energizer Holdings Inc
ENS,Enersys
ENSG,Ensign Group Inc
ENTA,Enanta Pharmaceuticals Inc
ENV,Envestnet Inc.
ENVA,Enova International Inc.
ENVX,Enovix Corporation
EOLS,Evolus Inc
EP,Empire Petroleum Corporation
EPAC,Enerpac Tool Group Corp
EPC,Edgewell Personal Care Co
EPRT,Essential Properties Realty Trust Inc
EQBK,Equity Bancshares Inc
EQC,Equity Commonwealth
EQRX,EQRx Inc
ERAS,Erasca Inc
ERII,Energy Recovery Inc
ESE,"Esco Technologies, Inc."
ESGR,Enstar Group Limited
ESMT,Engagesmart Inc
ESNT,Essent Group Ltd
ESPR,Esperion Therapeutics Inc.
ESQ,Esquire Financial Holdings Inc
ESRT,Empire State Realty Trust Inc
ESTE,Earthstone Energy Inc
ETD,"Ethan Allen Interiors, Inc."
ETRN,Equitrans Midstream Corporation
ETWO,E2open Parent Holdings Inc
EVBG,Everbridge Inc
EVC,Entravision Communications Corp.
EVCM,EverCommerce Inc
EVER,EverQuote Inc
EVGO,EVgo Inc
EVH,Evolent Health Inc
EVLV,Evolv Technologies Holdings Inc
EVRI,Everi Holdings Inc
EVTC,Evertec Inc
EWCZ,European Wax Center Inc
EWTX,Edgewise Therapeutics Inc
EXLS,ExlService Holdings Inc
EXPI,eXp World Holdings Inc
EXPO,Exponent Inc.
EXPR,Express Inc.
EXTR,Extreme Networks Inc.
EYE,National Vision Holdings Inc
EYPT,EyePoint Pharmaceuticals Inc
EZPW,"EZCorp, Inc."
FA,First Advantage Corp.
FARO,Faro Technologies Inc.
FATE,Fate Therapeutics Inc
FBIZ,First Business Financial Services Inc
FBK,FB Financial Corp
FBMS,First Bancshares Inc Miss
FBNC,First Bancorp
FBP,First Bancorp PR
FBRT,Franklin BSP Realty Trust Inc.
FC,Franklin Covey Co.
FCBC,First Community Bankshares Inc.
FCEL,Fuelcell Energy Inc
FCF,First Commonwealth Financial Corp.
FCFS,FirstCash Holdings Inc
FCPT,Four Corners Property Trust Inc
FCUV,Focus Universal Inc
FDMT,4D Molecular Therapeutics Inc
FDP,Fresh Del Monte Produce Inc
FEAM,5E Advanced Materials Inc
FELE,"Franklin Electric Co., Inc."
FF,Futurefuel Corp
FFBC,First Financial Bancorp
FFIC,Flushing Financial Corp.
FFIE,Faraday Future Intelligent Electric Inc
FFIN,"First Financial Bankshares, Inc."
FFWM,First Foundation Inc
FGBI,First Guaranty Bancshares Inc
FGEN,FibroGen Inc
FHI,Federated Hermes Inc
FHTX,Foghorn Therapeutics Inc
FIBK,First Interstate BancSystem Inc.
FIGS,Figs Inc
FISI,Financial Institutions Inc.
FIX,"Comfort Systems USA, Inc."
FIZZ,National Beverage Corp.
FL,Foot Locker Inc
FLGT,Fulgent Genetics Inc
FLIC,First Of Long Island Corp.
FLL,"Full House Resorts, Inc."
FLNC,Fluence Energy Inc
FLNG,Flex Lng Ltd
FLR,Fluor Corporation
FLWS,1-800 Flowers.com Inc.
FLYW,Flywire Corp
FMAO,Farmers & Merchants Bancorp Inc.
FMBH,First Mid Bancshares Inc.
FMNB,Farmers National Banc Corp.
FN,Fabrinet
FNA,Paragon 28 Inc
FNKO,Funko Inc
FNLC,First Bancorp Inc (ME)
FOA,Finance of America Companies Inc
FOCS,Focus Financial Partners Inc
FOLD,Amicus Therapeutics Inc
FOR,Forestar Group Inc
FORG,ForgeRock Inc
FORM,FormFactor Inc.
FORR,Forrester Research Inc.
FOSL,Fossil Group Inc
FOXF,Fox Factory Holding Corp
FPI,Farmland Partners Inc
FRBA,First Bank (NJ)
FRBK,"Republic First Bancorp, Inc."
FREE,Whole Earth Brands Inc
FRG,Franchise Group Inc
FRME,First Merchants Corp.
FRO,Frontline Plc
FRPH,FRP Holdings Inc
FRST,Primis Financial Corp
FSBC,Five Star Bancorp
FSLY,Fastly Inc
FSP,Franklin Street Properties Corp.
FSR,Fisker Inc
FSS,Federal Signal Corp.
FTCI,FTC Solar Inc
FTDR,Frontdoor Inc.
FUBO,fuboTV Inc
FUL,H.B. Fuller Company
FULC,Fulcrum Therapeutics Inc
FULT,Fulton Financial Corp.
FVCB,FVCBankcorp Inc
FWRD,Forward Air Corp.
FWRG,First Watch Restaurant Group Inc
FXLV,F45 Training Holdings Inc
GABC,German American Bancorp Inc
GAMB,Gambling.com Group Ltd
GATX,GATX Corp.
GBCI,"Glacier Bancorp, Inc."
GBIO,Generation Bio Co
GBX,"Greenbrier Cos., Inc."
GCBC,Greene County Bancorp Inc
GCI,Gannett Co Inc.
GCMG,GCM Grosvenor Inc
GCO,Genesco Inc.
GDEN,Golden Entertainment Inc
GDOT,Green Dot Corp.
GDYN,Grid Dynamics Holdings Inc
GEF,Greif Inc
GEO,"Geo Group, Inc."
GERN,Geron Corp.
GES,Guess Inc.
GEVO,Gevo Inc
GFF,Griffon Corp.
GHC,Graham Holdings Co.
GIC,Global Industrial Co
GIII,G-III Apparel Group Ltd.
GKOS,Glaukos Corporation
GLDD,Great Lakes Dredge & Dock Corporation
GLNG,Golar Lng
GLRE,Greenlight Capital Re Ltd
GLT,Glatfelter Corporation
GLUE,Monte Rosa Therapeutics Inc
GMRE,Global Medical REIT Inc
GMS,GMS Inc
GNK,Genco Shipping & Trading Limited
GNL,Global Net Lease Inc
GNTY,"Guaranty Bancshares, Inc. (TX)"
GNW,Genworth Financial Inc
GOEV,Canoo Inc
GOGL,Golden Ocean Group Limited
GOGO,Gogo Inc
GOLF,Acushnet Holdings Corp
GOOD,Gladstone Commercial Corp
GOSS,Gossamer Bio Inc
GPI,"Group 1 Automotive, Inc."
GPMT,Granite Point Mortgage Trust Inc
GPOR,Gulfport Energy Corp.
GPRE,Green Plains Inc
GPRO,GoPro Inc.
GRBK,Green Brick Partners Inc
GRC,Gorman-Rupp Co.
GREE,Greenidge Generation Holdings Inc
GRNA,GreenLight Biosciences Holdings PBC
GRPN,Groupon Inc
GRWG,GrowGeneration Corp
GSAT,Globalstar Inc.
GSBC,"Great Southern Bancorp, Inc."
GSHD,Goosehead Insurance Inc
GT,Goodyear Tire & Rubber Co.
GTLS,Chart Industries Inc
GTN,"Gray Television, Inc."
GTY,Getty Realty Corp.
GVA,Granite Construction Inc.
GWH,ESS Tech Inc
GWRS,Global Water Resources Inc
HA,"Hawaiian Holdings, Inc."
HAE,Haemonetics Corp.
HAFC,Hanmi Financial Corp.
HAIN,Hain Celestial Group Inc
HALO,Halozyme Therapeutics Inc.
HASI,Hannon Armstrong Sustainable Infrastructure capital Inc
HAYN,Haynes International Inc.
HBCP,Home Bancorp Inc
HBNC,Horizon Bancorp Inc (IN)
HBT,HBT Financial Inc
HCAT,Health Catalyst Inc
HCC,Warrior Met Coal Inc
HCCI,Heritage-Crystal Clean Inc
HCI,HCI Group Inc
HCKT,Hackett Group Inc (The)
HCSG,"Healthcare Services Group, Inc."
HDSN,"Hudson Technologies, Inc."
HEAR,Turtle Beach Corp
HEES,H&E Equipment Services Inc
HELE,Helen of Troy Ltd
HFFG,HF Foods Group Inc.
HFWA,Heritage Financial Corp.
HGV,Hilton Grand Vacations Inc
HI,Hillenbrand Inc
HIBB,Hibbett Inc
HIFS,Hingham Institution For Savings
HIMS,Hims & Hers Health Inc
HIPO,Hippo Holdings Inc
HL,Hecla Mining Co.
HLF,Herbalife Ltd
HLGN,Heliogen Inc
HLI,Houlihan Lokey Inc
HLIO,Helios Technologies Inc
HLIT,"Harmonic, Inc."
HLLY,Holley Inc
HLMN,Hillman Solutions Corp
HLNE,Hamilton Lane Inc
HLTH,Cue Health Inc
HLVX,HilleVax Inc
HLX,Helix Energy Solutions Group Inc
HMN,Horace Mann Educators Corp.
HMPT,Home Point Capital Inc
HMST,HomeStreet Inc
HNI,HNI Corp.
HNST,Honest Company Inc (The )
HOMB,Home Bancshares Inc
HONE,HarborOne Bancorp Inc.
HOPE,Hope Bancorp Inc
HOUS,Anywhere Real Estate Inc
HOV,"Hovnanian Enterprises, Inc."
HP,"Helmerich & Payne, Inc."
HPK,HighPeak Energy Inc
HQY,Healthequity Inc
HRI,Herc Holdings Inc
HRMY,Harmony Biosciences Holdings Inc
HRT,HireRight Holdings Corp
HRTX,Heron Therapeutics Inc
HSII,"Heidrick & Struggles International, Inc."
HSTM,Healthstream Inc
HT,Hersha Hospitality Trust
HTBI,HomeTrust Bancshares Inc
HTBK,Heritage Commerce Corp.
HTH,Hilltop Holdings Inc
HTLD,"Heartland Express, Inc."
HTLF,"Heartland Financial USA, Inc."
HUBG,"Hub Group, Inc."
HUMA,Humacyte Inc
HURN,Huron Consulting Group Inc
HVT,"Haverty Furniture Cos., Inc."
HWC,Hancock Whitney Corp.
HWKN,Hawkins Inc
HY,Hyster-Yale Materials Handling Inc
HYFM,Hydrofarm Holdings Group Inc
HYLN,Hyliion Holdings Corporation
HYMC,Hycroft Mining Holding Corporation
HYZN,Hyzon Motors Inc
HZO,"Marinemax, Inc."
IAS,Integral Ad Science Holding Corp
IBCP,"Independent Bank Corporation (Ionia, MI)"
IBEX,IBEX Ltd
IBOC,International Bancshares Corp.
IBP,Installed Building Products Inc
IBRX,ImmunityBio Inc
IBTX,Independent Bank Group Inc
ICFI,"ICF International, Inc"
ICHR,Ichor Holdings Ltd
ICPT,Intercept Pharmaceuticals Inc
ICVX,Icosavax Inc
IDCC,Interdigital Inc
IDT,IDT Corp.
IDYA,Ideaya Biosciences Inc
IE,Ivanhoe Electric Inc
IESC,IES Holdings Inc
IGMS,IGM Biosciences Inc
IGT,International Game Technology PLC
IHRT,iHeartMedia Inc
III,Information Services Group Inc.
IIIN,"Insteel Industries, Inc."
IIIV,i3 Verticals Inc
IIPR,Innovative Industrial Properties Inc
ILPT,Industrial Logistics Properties Trust
IMAX,Imax Corp
IMGN,"Immunogen, Inc."
IMKTA,"Ingles Markets, Inc."
IMVT,Immunovant Inc
IMXI,International Money Express Inc.
INBK,First Internet Bancorp
INBX,Inhibrx Inc
INDB,Independent Bank Corp.
INDI,Indie Semiconductor Inc
INDT,INDUS Realty Trust Inc
INFN,Infinera Corp.
INGN,Inogen Inc
INN,Summit Hotel Properties Inc
INNV,InnovAge Holding Corp
INO,Inovio Pharmaceuticals Inc
INSE,Inspired Entertainment Inc
INSG,Inseego Corp
INSM,Insmed Inc
INSP,Inspire Medical Systems Inc
INST,Instructure Holdings Inc
INSW,International Seaways Inc
INTA,Intapp Inc
INVA,Innoviva Inc
INVE,Identiv Inc
IONQ,IonQ Inc
IOSP,Innospec Inc
IOVA,Iovance Biotherapeutics Inc
IPAR,"Inter Parfums, Inc."
IPI,Intrepid Potash Inc
IPSC,Century Therapeutics Inc
IRBT,Irobot Corp
IRDM,Iridium Communications Inc
IRMD,Iradimed Corp
IRNT,IronNet Inc
IRT,Independence Realty Trust Inc
IRTC,iRhythm Technologies Inc
IRWD,Ironwood Pharmaceuticals Inc
ISEE,IVERIC bio Inc
ISPO,Inspirato Incorporated
ITCI,Intra-Cellular Therapies Inc
ITGR,Integer Holdings Corp
ITIC,Investors Title Co.
ITOS,ITeos Therapeutics Inc
ITRI,Itron Inc.
IVR,Invesco Mortgage Capital Inc
IVT,InvenTrust Properties Corp
IVVD,Invivyd Inc
JACK,"Jack In The Box, Inc."
JANX,Janux Therapeutics Inc
JBI,Janus International Group Inc
JBSS,"Sanfilippo (John B.) & Son, Inc"
JBT,John Bean Technologies Corp
JELD,JELD-WEN Holding Inc.
JJSF,J&J Snack Foods Corp.
JMSB,John Marshall Bancorp Inc
JOAN,JOANN Inc
JOBY,Joby Aviation Inc
JOE,St. Joe Co.
JOUT,Johnson Outdoors Inc
JRVR,James River Group Holdings Ltd
JXN,Jackson Financial Inc
JYNT,Joint Corp
KAI,"Kadant, Inc."
KALU,Kaiser Aluminum Corp
KALV,KalVista Pharmaceuticals Inc
KAMN,Kaman Corp.
KAR,Openlane Inc.
KBH,KB Home
KDNY,Chinook Therapeutics Inc
KE,Kimball Electronics Inc
KELYA,"Kelly Services, Inc."
KFRC,Kforce Inc.
KFY,Korn Ferry
KIDS,OrthoPediatrics corp
KLIC,"Kulicke & Soffa Industries, Inc."
KLR,Kaleyra Inc
KMT,Kennametal Inc.
KN,Knowles Corp
KNSA,Kiniksa Pharmaceuticals Ltd
KNSL,Kinsale Capital Group Inc
KNTE,Kinnate Biopharma Inc
KNTK,Kinetik Holdings Inc
KOD,Kodiak Sciences Inc
KODK,Eastman Kodak Co.
KOP,Koppers Holdings Inc
KORE,Kore Group Holdings Inc
KOS,Kosmos Energy Ltd
KPTI,Karyopharm Therapeutics Inc
KREF,KKR Real Estate Finance Trust Inc
KRG,Kite Realty Group Trust
KRNY,Kearny Financial Corp.
KRO,"Kronos Worldwide, Inc."
KRON,Kronos Bio Inc
KROS,Keros Therapeutics Inc
KRT,Karat Packaging Inc
KRTX,Karuna Therapeutics Inc
KRUS,Kura Sushi USA Inc
KRYS,Krystal Biotech Inc
KTB,Kontoor Brands Inc
KTOS,Kratos Defense & Security Solutions Inc
KURA,Kura Oncology Inc
KW,Kennedy-Wilson Holdings Inc
KWR,Quaker Houghton
KYMR,Kymera Therapeutics Inc
KZR,Kezar Life Sciences Inc
LADR,Ladder Capital Corp
LANC,Lancaster Colony Corp.
LAND,Gladstone Land Corp
LASR,nLIGHT Inc
LAUR,Laureate Education Inc
LAW,CS Disco Inc
LAZR,Luminar Technologies Inc
LBAI,"Lakeland Bancorp, Inc."
LBC,Luther Burbank Corp
LBRT,Liberty Energy Inc
LC,LendingClub Corp
LCII,LCI Industries
LCUT,"Lifetime Brands, Inc."
LE,"Lands` End, Inc."
LEGH,Legacy Housing Corp
LEU,Centrus Energy Corp
LFCR,Lifecore Biomedical Inc
LFST,LifeStance Health Group Inc
LGIH,LGI Homes Inc
LGND,"Ligand Pharmaceuticals, Inc."
LICY,Li-Cycle Holdings Corp
LIDR,AEye Inc
LILA,Liberty Latin America Ltd
LILAK,Liberty Latin America Ltd
LIND,Lindblad Expeditions Holdings Inc
LIVN,LivaNova PLC
LKFN,Lakeland Financial Corp.
LL,LL Flooring Holdings Inc
LLAP,Terran Orbital Corp
LMAT,Lemaitre Vascular Inc
LMND,Lemonade Inc
LNN,Lindsay Corporation
LNTH,Lantheus Holdings Inc
LNW,Light & Wonder Inc
LOB,Live Oak Bancshares Inc
LOCL,Local Bounti Corp
LOCO,El Pollo Loco Holdings Inc
LOVE,Lovesac Company
LPG,Dorian LPG Ltd
LPRO,Open Lending Corp
LPSN,Liveperson Inc
LQDA,Liquidia Corp
LQDT,Liquidity Services Inc
LRN,Stride Inc
LSEA,Landsea Homes Corporation
LTC,"LTC Properties, Inc."
LTCH,Latch Inc
LTH,Life Time Group Holdings Inc
LTHM,Livent Corp
LUNG,Pulmonx Corp
LVLU,Lulus Fashion Lounge Holdings Inc
LVOX,LiveVox Holdings Inc
LWLG,Lightwave Logic Inc
LXFR,Luxfer Holdings PLC
LXP,LXP Industrial Trust
LXRX,Lexicon Pharmaceuticals Inc
LXU,"LSB Industries, Inc."
LYEL,Lyell Immunopharma Inc
LZ,LegalZoom.com Inc.
LZB,La-Z-Boy Inc.
MAC,Macerich Co.
MAPS,WM Technology Inc
MARA,Marathon Digital Holdings Inc
MASS,908 Devices Inc
MATV,Mativ Holdings Inc
MATW,Matthews International Corp.
MATX,Matson Inc
MAX,MediaAlpha Inc
MBI,MBIA Inc.
MBIN,Merchants Bancorp
MBUU,Malibu Boats Inc
MBWM,Mercantile Bank Corp.
MC,Moelis & Co
MCB,Metropolitan Bank Holding Corp
MCBC,Macatawa Bank Corp.
MCBS,MetroCity Bankshares Inc
MCFT,MasterCraft Boat Holdings Inc
MCRB,Seres Therapeutics Inc
MCRI,"Monarch Casino & Resort, Inc."
MCS,Marcus Corp.
MCY,Mercury General Corp.
MD,Pediatrix Medical Group Inc
MDC,"M.D.C. Holdings, Inc."
MDGL,Madrigal Pharmaceuticals Inc
MDRX,Veradigm Inc
MDXG,Mimedx Group Inc
ME,23andMe Holding Co
MED,Medifast Inc
MEDP,Medpace Holdings Inc
MEG,Montrose Environmental Group Inc
MEI,"Methode Electronics, Inc."
METC,Ramaco Resources Inc
MFA,MFA Financial Inc
MGEE,"MGE Energy, Inc."
MGNI,Magnite Inc
MGNX,Macrogenics Inc
MGPI,"MGP Ingredients, Inc."
MGRC,McGrath Rentcorp
MGTX,MeiraGTx Holdings plc
MGY,Magnolia Oil & Gas Corp
MHO,MI Homes Inc.
MIR,Mirion Technologies Inc.
MIRM,Mirum Pharmaceuticals Inc
MITK,Mitek Systems Inc
MKFG,Markforged Holding Corporation
MKTW,Marketwise Inc
ML,MoneyLion Inc
MLAB,"Mesa Laboratories, Inc."
MLI,"Mueller Industries, Inc."
MLKN,MillerKnoll Inc
MLNK,MeridianLink Inc
MLR,Miller Industries Inc.
MLYS,Mineralys Therapeutics Inc
MMI,Marcus & Millichap Inc
MMS,Maximus Inc.
MMSI,"Merit Medical Systems, Inc."
MNKD,Mannkind Corp
MNRO,Monro Inc
MNTK,Montauk Renewables Inc
MNTS,Momentus Inc
MOD,Modine Manufacturing Co.
MODG,Topgolf Callaway Brands Corp
MODN,Model N Inc
MODV,ModivCare Inc
MOFG,MidWestOne Financial Group Inc
MORF,Morphic Holding Inc
MOV,"Movado Group, Inc."
MPAA,Motorcar Parts of America Inc.
MPB,"Mid Penn Bancorp, Inc."
MPLN,MultiPlan Corp
MPX,Marine Products Corp
MQ,Marqeta Inc
MRC,MRC Global Inc
MRSN,Mersana Therapeutics Inc
MRTN,"Marten Transport, Ltd."
MSBI,Midland States Bancorp Inc
MSEX,Middlesex Water Co.
MSGE,Madison Square Garden Entertainment Corp.
MSTR,Microstrategy Inc.
MTDR,Matador Resources Co
MTH,Meritage Homes Corp.
MTRN,Materion Corp
MTSI,MACOM Technology Solutions Holdings Inc
MTTR,Matterport Inc
MTW,"Manitowoc Co., Inc."
MTX,"Minerals Technologies, Inc."
MULN,Mullen Automotive Inc
MUR,Murphy Oil Corp.
MUSA,Murphy USA Inc
MVBF,MVB Financial Corp.
MVIS,Microvision Inc.
MVST,Microvast Holdings Inc
MWA,Mueller Water Products Inc
MXCT,MaxCyte Inc
MXL,MaxLinear Inc
MYE,Myers Industries Inc.
MYFW,First Western Financial Inc
MYGN,"Myriad Genetics, Inc."
MYPS,PLAYSTUDIOS Inc
MYRG,MYR Group Inc
NABL,N-able Inc
NAPA,Duckhorn Portfolio Inc (The)
NARI,Inari Medical Inc
NAT,Nordic American Tankers Ltd
NATR,"Nature`s Sunshine Products, Inc."
NAUT,Nautilus Biotechnology Inc
NAVI,Navient Corp
NBHC,National Bank Holdings Corp
NBN,Northeast Bank
NBR,Nabors Industries Ltd
NBTB,NBT Bancorp. Inc.
NC,Nacco Industries Inc.
NDLS,Noodles & Company
NE,Noble Corp Plc
NEO,Neogenomics Inc.
NEOG,Neogen Corp.
NETI,Eneti Inc
NEX,NexTier Oilfield Solutions Inc
NEXT,NextDecade Corporation
NFBK,Northfield Bancorp Inc
NG,Novagold Resources Inc.
NGM,Ngm Biopharmaceuticals Inc
NGMS,NeoGames SA
NGVC,Natural Grocers by Vitamin Cottage Inc
NGVT,Ingevity Corp
NHC,National Healthcare Corp.
NHI,"National Health Investors, Inc."
NIC,Nicolet Bankshares Inc.
NJR,New Jersey Resources Corporation
NKLA,Nikola Corp
NKTR,Nektar Therapeutics
NKTX,Nkarta Inc
NL,"NL Industries, Inc."
NMIH,NMI Holdings Inc
NMRK,Newmark Group Inc
NN,NextNav Inc
NNI,Nelnet Inc
NNOX,Nano X Imaging Ltd
NODK,NI Holdings Inc
NOG,Northern Oil and Gas Inc.
NOTV,Inotiv Inc
NOVA,Sunnova Energy International Inc
NOVT,Novanta Inc
NPK,"National Presto Industries, Inc."
NPO,Enpro Inc
NR,"Newpark Resources, Inc."
NRC,National Research Corp
NRDS,Nerdwallet Inc
NRDY,Nerdy Inc
NREF,NexPoint Real Estate Finance Inc
NRGV,Energy Vault Holdings Inc
NRIX,Nurix Therapeutics Inc
NSIT,Insight Enterprises Inc.
NSP,Insperity Inc
NSSC,NAPCO Security Technologies Inc
NSTG,Nanostring Technologies Inc
NTB,Bank of N T Butterfield & Son Ltd.
NTCT,Netscout Systems Inc
NTGR,Netgear Inc
NTLA,Intellia Therapeutics Inc
NTST,Netstreit Corp
NUS,"Nu Skin Enterprises, Inc."
NUTX,Nutex Health Inc
NUVA,Nuvasive Inc
NUVB,Nuvation Bio Inc
NUVL,Nuvalent Inc
NVEE,NV5 Global Inc
NVRO,Nevro Corp
NVTA,Invitae Corp
NWBI,Northwest Bancshares Inc
NWE,NorthWestern Energy Group Inc
NWLI,National Western Life Group Inc
NWN,Northwest Natural Holding Co
NWPX,Northwest Pipe Co.
NX,Quanex Building Products Corp
NXGN,NextGen Healthcare Inc
NXRT,NexPoint Residential Trust Inc
NXT,Nextracker Inc
NYMT,New York Mortgage Trust Inc
OABI,OmniAb Inc
OB,Outbrain Inc
OBK,Origin Bancorp Inc
OCFC,OceanFirst Financial Corp.
OCGN,Ocugen Inc
OCTO,Eightco Holdings Inc
OCUL,Ocular Therapeutix Inc
ODP,ODP Corporation (The)
OEC,Orion S.A
OFG,OFG Bancorp
OFIX,Orthofix Medical Inc
OFLX,Omega Flex Inc
OGS,ONE Gas Inc
OI,O-I Glass Inc
OII,"Oceaneering International, Inc."
OIS,"Oil States International, Inc."
OLO,Olo Inc
OLP,"One Liberty Properties, Inc."
OM,Outset Medical Inc
OMCL,"Omnicell, Inc."
OMI,"Owens & Minor, Inc."
OMIC,Singular Genomics Systems Inc
ONB,Old National Bancorp
ONDS,Ondas Holdings Inc
ONEW,Onewater Marine Inc
ONL,Orion Office REIT Inc
ONTF,ON24 Inc
ONTO,Onto Innovation Inc.
OOMA,Ooma Inc
OPAD,Offerpad Solutions Inc
OPCH,Option Care Health Inc.
OPFI,OppFi Inc
OPI,Office Properties Income Trust
OPK,Opko Health Inc
OPRT,Oportun Financial Corp
OPRX,OptimizeRx Corp
OPY,Oppenheimer Holdings Inc
ORA,Ormat Technologies Inc
ORC,Orchid Island Capital Inc
ORGN,Origin Materials Inc
ORGO,Organogenesis Holdings Inc
ORRF,"Orrstown Financial Services, Inc."
OSBC,Old Second Bancorporation Inc.
OSCR,Oscar Health Inc
OSIS,"OSI Systems, Inc."
OSPN,OneSpan Inc
OSTK,Beyond Inc
OSUR,Orasure Technologies Inc.
OSW,OneSpaWorld Holdings Limited
OTLK,Outlook Therapeutics Inc
OTTR,Otter Tail Corporation
OUST,Ouster Inc
OUT,Outfront Media Inc
OXM,"Oxford Industries, Inc."
PACB,Pacific Biosciences of California Inc
PACK,Ranpak Holdings Corp
PAHC,Phibro Animal Health Corp.
PAR,Par Technology Corp.
PARR,Par Pacific Holdings Inc
PATK,"Patrick Industries, Inc."
PAYO,Payoneer Global Inc
PBF,PBF Energy Inc
PBFS,Pioneer Bancorp Inc
PBH,Prestige Consumer Healthcare Inc
PBI,"Pitney Bowes, Inc."
PCB,PCB Bancorp.
PCH,PotlatchDeltic Corp
PCRX,Pacira BioSciences Inc
PCT,PureCycle Technologies Inc
PCVX,Vaxcyte Inc
PCYO,Pure Cycle Corp.
PD,Pagerduty Inc
PDCO,Patterson Companies Inc.
PDFS,PDF Solutions Inc.
PDLI,PDL Biopharma Inc
PDM,Piedmont Office Realty Trust Inc
PEB,Pebblebrook Hotel Trust
PEBO,"Peoples Bancorp, Inc. (Marietta, OH)"
PECO,Phillips Edison & Company Inc
PEPG,PepGen Inc
PETQ,PetIQ Inc
PETS,"Petmed Express, Inc."
PFBC,"Preferred Bank (Los Angeles, CA)"
PFC,Premier Financial Corp
PFIS,Peoples Financial Services Corp
PFS,Provident Financial Services Inc
PFSI,PennyMac Financial Services Inc.
PFSW,PFSWEB Inc
PGC,Peapack-Gladstone Financial Corp.
PGEN,Precigen Inc
PGNY,Progyny Inc
PGRE,Paramount Group Inc
PGTI,PGT Innovations Inc
PHAT,Phathom Pharmaceuticals Inc
PHR,Phreesia Inc
PI,Impinj Inc
PIII,P3 Health Partners Inc
PIPR,Piper Sandler Co`s
PJT,PJT Partners Inc
PKBK,Parke Bancorp Inc
PKE,Park Aerospace Corp
PL,Planet Labs PBC
PLAB,"Photronics, Inc."
PLAY,Dave & Buster`s Entertainment Inc
PLBY,PLBY Group Inc
PLCE,Childrens Place Inc
PLL,Piedmont Lithium Inc
PLM,Polymet Mining Corp
PLMR,Palomar Holdings Inc
PLOW,Douglas Dynamics Inc
PLPC,Preformed Line Products Co.
PLUS,ePlus Inc
PLXS,Plexus Corp.
PLYM,Plymouth Industrial Reit Inc
PMT,Pennymac Mortgage Investment Trust
PMVP,PMV Pharmaceuticals Inc
PNM,PNM Resources Inc
PNT,POINT Biopharma Global Inc
PNTG,Pennant Group Inc
POR,Portland General Electric Co
POWI,Power Integrations Inc.
POWL,"Powell Industries, Inc."
POWW,AMMO Inc
PPBI,"Pacific Premier Bancorp, Inc."
PR,Permian Resources Corp
PRA,Proassurance Corporation
PRAA,PRA Group Inc
PRAX,Praxis Precision Medicines Inc
PRCH,Porch Group Inc
PRCT,Procept BioRobotics Corp
PRDO,Perdoceo Education Corporation
PRDS,Pardes Biosciences Inc
PRFT,Perficient Inc.
PRG,PROG Holdings Inc
PRGS,Progress Software Corp.
PRIM,Primoris Services Corp
PRK,Park National Corp.
PRLB,Proto Labs Inc
PRM,Perimeter Solutions SA
PRME,Prime Medicine Inc
PRMW,Primo Water Corporation
PRO,Pros Holdings Inc
PRPL,Purple Innovation Inc
PRTA,Prothena Corporation plc
PRTH,Priority Technology Holdings Inc
PRTS,CarParts.com Inc
PRVA,Privia Health Group Inc
PSFE,Paysafe Limited
PSMT,Pricesmart Inc.
PSN,Parsons Corp
PSTL,Postal Realty Trust Inc
PTCT,PTC Therapeutics Inc
PTEN,Patterson-UTI Energy Inc
PTGX,Protagonist Therapeutics Inc
PTLO,Portillos Inc
PTRA,Proterra Inc
PTSI,"P.A.M. Transportation Services, Inc."
PTVE,Pactiv Evergreen Inc
PUBM,PubMatic Inc
PUMP,ProPetro Holding Corp
PVBC,Provident Bancorp Inc
PWP,Perella Weinberg Partners
PWSC,PowerSchool Holdings Inc
PZZA,"Papa John`s International, Inc."
QCRH,"QCR Holding, Inc."
QLYS,Qualys Inc
QNST,QuinStreet Inc
QRTEA,Qurate Retail Inc
QSI,Quantum-Si Incorporated
QTRX,Quanterix Corp
QTWO,Q2 Holdings Inc
QUAD,Quad/Graphics Inc
QUOT,Quotient Technology Inc
RAD,Rite Aid Corp.
RADI,Radius Global Infrastructure Inc
RAMP,LiveRamp Holdings Inc
RAPT,RAPT Therapeutics Inc
RBB,RBB Bancorp
RBBN,Ribbon Communications Inc
RBC,RBC Bearings Inc.
RBCAA,"Republic Bancorp, Inc. (KY)"
RBOT,Vicarious Surgical Inc
RC,Ready Capital Corp
RCKT,Rocket Pharmaceuticals Inc
RCKY,"Rocky Brands, Inc"
RCM,R1 RCM Inc.
RCUS,Arcus Biosciences Inc
RDFN,Redfin Corp
RDN,"Radian Group, Inc."
RDNT,Radnet Inc
RDVT,Red Violet Inc
RDW,Redwire Corporation
REAL,Therealreal Inc
REFI,Chicago Atlantic Real Estate Finance Inc
REI,Ring Energy Inc
RELY,Remitly Global Inc
RENT,Rent the Runway Inc
REPL,Replimune Group Inc
REPX,Riley Exploration Permian Inc.
RES,"RPC, Inc."
RETA,Reata Pharmaceuticals Inc
REVG,REV Group Inc
REX,REX American Resources Corp
REZI,Resideo Technologies Inc
RGNX,Regenxbio Inc
RGP,Resources Connection Inc
RGR,"Sturm, Ruger & Co., Inc."
RGTI,Rigetti Computing Inc
RHP,Ryman Hospitality Properties Inc
RICK,RCI Hospitality Holdings Inc
RIDE,Lordstown Motors Corp.
RIGL,Rigel Pharmaceuticals
RILY,B. Riley Financial Inc
RIOT,Riot Platforms Inc
RKLB,Rocket Lab USA Inc
RLAY,Relay Therapeutics Inc
RLGT,"Radiant Logistics, Inc."
RLI,RLI Corp.
RLJ,RLJ Lodging Trust
RLMD,Relmada Therapeutics Inc
RLYB,Rallybio Corp
RM,Regional Management Corp
RMAX,RE/MAX Holdings Inc
RMBL,RumbleON Inc
RMBS,Rambus Inc.
RMNI,Rimini Street Inc.
RMR,RMR Group Inc (The)
RNA,Avidity Biosciences Inc
RNST,Renasant Corp.
ROAD,Construction Partners Inc
ROCC,Ranger Oil Corp
ROCK,Gibraltar Industries Inc.
ROG,Rogers Corp.
ROIC,Retail Opportunity Investments Corp
ROOT,Root Inc
ROVR,Rover Group Inc
RPAY,Repay Holdings Corporation
RPD,Rapid7 Inc
RPT,RPT Realty
RRBI,Red River Bancshares Inc
RRR,Red Rock Resorts Inc
RSI,Rush Street Interactive Inc
RSVR,Reservoir Media Inc
RTL,Necessity Retail REIT Inc (The)
RUSHA,Rush Enterprises Inc
RUSHB,Rush Enterprises Inc
RVLV,Revolve Group Inc
RVMD,Revolution Medicines Inc
RVNC,Revance Therapeutics Inc
RWT,Redwood Trust Inc.
RXDX,Prometheus Biosciences Inc
RXRX,Recursion Pharmaceuticals Inc
RXST,RxSight Inc
RXT,Rackspace Technology Inc
RYAM,Rayonier Advanced Materials Inc
RYI,Ryerson Holding Corp.
SABR,Sabre Corp
SAFE,Safehold Inc.
SAFT,"Safety Insurance Group, Inc."
SAGE,Sage Therapeutics Inc
SAH,"Sonic Automotive, Inc."
SAIA,Saia Inc.
SAMG,Silvercrest Asset Management Group Inc
SANA,Sana Biotechnology Inc
SANM,Sanmina Corp
SASR,Sandy Spring Bancorp
SATS,EchoStar Corp
SAVA,Cassava Sciences Inc
SAVE,Spirit Airlines Inc
SB,"Safe Bulkers, Inc"
SBCF,Seacoast Banking Corp. Of Florida
SBGI,Sinclair Inc
SBH,Sally Beauty Holdings Inc
SBOW,SilverBow Resources Inc
SBRA,Sabra Healthcare REIT Inc
SBSI,Southside Bancshares Inc
SBT,Sterling Bancorp Inc
SCHL,Scholastic Corp.
SCL,Stepan Co.
SCS,"Steelcase, Inc."
SCSC,"Scansource, Inc."
SCU,Sculptor Capital Management Inc
SCVL,"Shoe Carnival, Inc."
SCWX,SecureWorks Corp
SD,Sandridge Energy Inc
SDGR,Schrodinger Inc
SEAS,SeaWorld Entertainment Inc
SEAT,Vivid Seats Inc
SEER,Seer Inc
SEM,Select Medical Holdings Corporation
SENEA,Seneca Foods Corp.
SENS,Senseonics Holdings Inc
SFBS,ServisFirst Bancshares Inc
SFIX,Stitch Fix Inc
SFL,SFL Corporation Ltd
SFM,Sprouts Farmers Market Inc
SFNC,Simmons First National Corp.
SFST,Southern First Bancshares Inc
SG,Sweetgreen Inc
SGC,Superior Group of Companies Inc..
SGH,SMART Global Holdings Inc
SGHT,Sight Sciences Inc
SGMO,Sangamo Therapeutics Inc
SGRY,Surgery Partners Inc
SHAK,Shake Shack Inc
SHBI,Shore Bancshares Inc.
SHCR,Sharecare Inc
SHEN,Shenandoah Telecommunications Co.
SHLS,Shoals Technologies Group Inc
SHO,Sunstone Hotel Investors Inc
SHOO,Steven Madden Ltd.
SHYF,Shyft Group Inc (The)
SIBN,SI-BONE Inc
SIG,Signet Jewelers Ltd
SIGA,SIGA Technologies Inc
SIGI,Selective Insurance Group Inc.
SILK,Silk Road Medical Inc
SITC,SITE Centers Corp
SITM,SiTime Corp
SJW,SJW Group
SKIL,Skillsoft Corp.
SKIN,Beauty Health Company (The)
SKLZ,Skillz Inc
SKT,Tanger Inc.
SKWD,Skyward Specialty Insurance Group Inc
SKY,Skyline Champion Corp
SKYT,SkyWater Technology Inc
SKYW,Skywest Inc.
SLAB,Silicon Laboratories Inc
SLCA,U.S. Silica Holdings Inc
SLDP,Solid Power Inc
SLGC,SomaLogic Inc
SLP,Simulations Plus Inc.
SLQT,SelectQuote Inc
SLVM,Sylvamo Corp
SM,SM Energy Co
SMBC,"Southern Missouri Bancorp, Inc."
SMBK,SmartFinancial Inc
SMCI,Super Micro Computer Inc
SMMF,Summit Financial Group Inc
SMP,"Standard Motor Products, Inc."
SMPL,Simply Good Foods Co
SMR,NuScale Power Corporation
SMRT,SmartRent Inc
SMTC,Semtech Corp.
SNBR,Sleep Number Corp
SNCE,Science 37 Holdings Inc
SNCY,Sun Country Airlines Holdings Inc
SNDX,Syndax Pharmaceuticals Inc
SNEX,StoneX Group Inc
SNPO,Snap One Holdings Corp
SOI,Solaris Oilfield Infrastructure Inc
SOND,Sonder Holdings Inc
SONO,Sonos Inc
SOVO,Sovos Brands Inc
SP,SP Plus Corp
SPCE,Virgin Galactic Holdings Inc
SPFI,South Plains Financial Inc
SPHR,Sphere Entertainment Co
SPIR,Spire Global Inc
SPNS,Sapiens International Corp NV
SPNT,SiriusPoint Ltd
SPSC,SPS Commerce Inc.
SPT,Sprout Social Inc
SPTN,SpartanNash Co
SPWH,Sportsman`s Warehouse Holdings Inc
SPWR,Sunpower Corp
SPXC,SPX Technologies Inc
SQSP,Squarespace Inc
SR,Spire Inc.
SRCE,1st Source Corp.
SRDX,"Surmodics, Inc."
SRI,Stoneridge Inc.
SSB,SouthState Corporation
SSD,"Simpson Manufacturing Co., Inc."
SSP,E.W. Scripps Co.
SSTI,SoundThinking Inc
SSTK,Shutterstock Inc
STAA,Staar Surgical Co.
STAG,STAG Industrial Inc
STBA,"S & T Bancorp, Inc."
STC,Stewart Information Services Corp.
STEL,Stellar Bancorp Inc
STEM,Stem Inc
STEP,StepStone Group Inc
STER,Sterling Check Corp
STGW,Stagwell Inc
STHO,Star Holdings
STKL,"Sunopta, Inc."
STKS,ONE Group Hospitality Inc
STNE,StoneCo Ltd
STNG,Scorpio Tankers Inc
STOK,Stoke Therapeutics Inc
STR,Sitio Royalties Corp
STRA,Strategic Education Inc
STRC,Sarcos Technology and Robotics Corporation
STRL,Sterling Infrastructure Inc
STRO,Sutro Biopharma Inc
STRS,Stratus Properties Inc.
SUM,Summit Materials Inc
SUNL,Sunlight Financial Holdings Inc
SUPN,Supernus Pharmaceuticals Inc
SVC,Service Properties Trust
SWAV,ShockWave Medical Inc
SWBI,Smith & Wesson Brands Inc
SWI,SolarWinds Corp
SWIM,Latham Group Inc
SWKH,Swk Holdings Corp
SWTX,SpringWorks Therapeutics Inc
SWX,Southwest Gas Holdings Inc
SXC,SunCoke Energy Inc
SXI,Standex International Corp.
SXT,Sensient Technologies Corp.
SYBT,Stock Yards Bancorp Inc
SYNA,Synaptics Inc
TALO,Talos Energy Inc
TARS,Tarsus Pharmaceuticals Inc
TBBK,Bancorp Inc. (The)
TBI,TrueBlue Inc
TBPH,Theravance Biopharma Inc
TCBI,"Texas Capital Bancshares, Inc."
TCBK,Trico Bancshares
TCBX,Third Coast Bancshares Inc
TCI,"Transcontinental Realty Investors, Inc."
TCMD,Tactile Systems Technology Inc
TCS,Container Store Group Inc
TCX,"Tucows, Inc."
TDS,"Telephone And Data Systems, Inc."
TDUP,ThredUp Inc
TDW,Tidewater Inc.
TELL,Tellurian Inc
TENB,Tenable Holdings Inc
TEX,Terex Corp.
TFIN,Triumph Financial Inc
TFM,Fresh Market Holdings Inc (The)
TG,Tredegar Corp.
TGAN,Transphorm Inc
TGH,Textainer Group Holdings Limited
TGI,Triumph Group Inc.
TGNA,TEGNA Inc
TGTX,TG Therapeutics Inc
TH,Target Hospitality Corp
THFF,First Financial Corp. - Indiana
THR,Thermon Group Holdings Inc
THRD,Third Harmonic Bio Inc
THRM,Gentherm Inc
THRN,Thorne Healthtech Inc
THRX,Theseus Pharmaceuticals Inc
THRY,Thryv Holdings Inc
THS,Treehouse Foods Inc
TIL,Instil Bio Inc
TILE,Interface Inc.
TIPT,Tiptree Inc
TITN,Titan Machinery Inc
TK,Teekay Corp
TKNO,Alpha Teknova Inc
TLS,Telos Corp
TLYS,Tillys Inc
TMCI,Treace Medical Concepts Inc
TMDX,Transmedics Group Inc
TMHC,Taylor Morrison Home Corp.
TMP,Tompkins Financial Corp
TMST,TimkenSteel Corp
TNC,Tennant Co.
TNET,TriNet Group Inc
TNGX,Tango Therapeutics Inc
TNK,Teekay Tankers Ltd
TNYA,Tenaya Therapeutics Inc
TOI,Oncology Institute Inc (The)
TOWN,Townebank Portsmouth VA
TPB,Turning Point Brands Inc
TPC,Tutor Perini Corp
TPH,Tri Pointe Homes Inc.
TPIC,TPI Composites Inc
TR,"Tootsie Roll Industries, Inc."
TRC,Tejon Ranch Co.
TREE,LendingTree Inc.
TRMK,Trustmark Corp.
TRN,"Trinity Industries, Inc."
TRNO,Terreno Realty Corp
TRNS,Transcat Inc
TROX,Tronox Holdings plc
TRS,Trimas Corporation
TRST,Trustco Bank Corp.
TRTN,Triton International Ltd
TRTX,TPG RE Finance Trust Inc
TRUE,Truecar Inc
TRUP,Trupanion Inc
TSE,Trinseo PLC
TSP,TuSimple Holdings Inc
TSVT,2seventy bio Inc
TTCF,Tattooed Chef Inc
TTEC,TTEC Holdings Inc
TTGT,Techtarget Inc.
TTI,"Tetra Technologies, Inc."
TTMI,TTM Technologies Inc
TTSH,Tile Shop Hldgs Inc
TUP,Tupperware Brands Corporation
TVTX,Travere Therapeutics Inc
TWI,"Titan International, Inc."
TWNK,Hostess Brands Inc
TWO,Two Harbors Investment Corp
TWOU,2U Inc
TWST,Twist Bioscience Corp
TXRH,Texas Roadhouse Inc
TYRA,Tyra Biosciences Inc
UBA,"Urstadt Biddle Properties, Inc."
UBSI,"United Bankshares, Inc."
UCBI,United Community Banks Inc
UCTT,Ultra Clean Hldgs Inc
UDMY,Udemy Inc
UE,Urban Edge Properties
UEC,Uranium Energy Corp
UEIC,Universal Electronics Inc.
UFCS,United Fire Group Inc
UFI,"UNIFI, Inc."
UFPI,UFP Industries Inc
UFPT,UFP Technologies Inc.
UHT,Universal Health Realty Income Trust
UIS,Unisys Corp.
ULCC,Frontier Group Holdings Inc
ULH,Universal Logistics Holdings Inc
UMBF,UMB Financial Corp.
UMH,UMH Properties Inc
UNF,Unifirst Corp.
UNFI,United Natural Foods Inc.
UNIT,Uniti Group Inc
UNTY,"Unity Bancorp, Inc."
UONE,Urban One Inc
UONEK,Urban One Inc
UP,Wheels Up Experience Inc
UPBD,Upbound Group Inc
UPLD,Upland Software Inc
UPWK,Upwork Inc
URBN,"Urban Outfitters, Inc."
URG,Ur-Energy Inc.
USCB,USCB Financial Holdings Inc
USLM,United States Lime & Minerals Inc.
USM,United States Cellular Corporation
USNA,Usana Health Sciences Inc
USPH,"U.S. Physical Therapy, Inc."
UTI,Universal Technical Institute Inc
UTL,Unitil Corp.
UTMD,"Utah Medical Products, Inc."
UTZ,Utz Brands Inc
UUUU,Energy Fuels Inc
UVE,Universal Insurance Holdings Inc
UVSP,Univest Financial Corp
UVV,Universal Corp.
VAL,Valaris Ltd
VALU,"Value Line, Inc."
VBIV,VBI Vaccines Inc.
VBTX,Veritex Holdings Inc
VC,Visteon Corp.
VCEL,Vericel Corp
VCSA,Vacasa Inc
VCTR,Victory Capital Holdings Inc
VCYT,Veracyte Inc
VECO,Veeco Instruments Inc
VEL,Velocity Financial Inc
VERA,Vera Therapeutics Inc
VERI,Veritone Inc
VERU,Veru Inc
VERV,Verve Therapeutics Inc
VGR,Vector Group Ltd
VHI,"Valhi, Inc."
VIA,Via Renewables Inc
VIAV,Viavi Solutions Inc
VICR,Vicor Corp.
VIEW,View Inc.
VIR,Vir Biotechnology Inc
VITL,Vital Farms Inc
VLD,Velo3D Inc
VLGEA,"Village Super Market, Inc."
VLY,Valley National Bancorp
VMEO,Vimeo Inc
VNDA,Vanda Pharmaceuticals Inc
VPG,Vishay Precision Group Inc
VRAY,ViewRay Inc.
VRDN,Viridian Therapeutics Inc
VRE,Veris Residential Inc
VREX,Varex Imaging Corp
VRNS,Varonis Systems Inc
VRNT,"Verint Systems, Inc."
VRRM,Verra Mobility Corp
VRTS,Virtus Investment Partners Inc
VRTV,Veritiv Corp
VSEC,VSE Corp.
VSH,"Vishay Intertechnology, Inc."
VSTO,Vista Outdoor Inc
VTGN,VistaGen Therapeutics Inc
VTLE,Vital Energy Inc.
VTNR,Vertex Energy Inc
VTOL,Bristow Group Inc.
VTYX,Ventyx Biosciences Inc
VUZI,Vuzix Corporation
VVI,Viad Corp.
VVX,V2X Inc
VWE,Vintage Wine Estates Inc
VXRT,Vaxart Inc
VZIO,VIZIO Holding Corp
WABC,Westamerica Bancorporation
WAFD,WaFd Inc
WASH,"Washington Trust Bancorp, Inc."
WD,Walker & Dunlop Inc
WDFC,WD-40 Co.
WEAV,Weave Communications Inc
WERN,"Werner Enterprises, Inc."
WEYS,"Weyco Group, Inc"
WFRD,Weatherford International plc
WGO,"Winnebago Industries, Inc."
WGS,GeneDx Holdings Corp
WHD,Cactus Inc
WINA,Winmark Corporation
WING,Wingstop Inc
WIRE,Encore Wire Corp.
WISH,ContextLogic Inc
WK,Workiva Inc
WKHS,Workhorse Group Inc
WLDN,Willdan Group Inc
WLY,John Wiley & Sons Inc.
WMK,"Weis Markets, Inc."
WNC,Wabash National Corp.
WOR,Worthington Enterprises Inc.
WOW,WideOpenWest Inc
WRBY,Warby Parker Inc
WRLD,World Acceptance Corp.
WSBC,"Wesbanco, Inc."
WSBF,Waterstone Financial Inc
WSFS,WSFS Financial Corp.
WSR,Whitestone REIT
WT,WisdomTree Inc
WTBA,West Bancorporation
WTI,W & T Offshore Inc
WTS,"Watts Water Technologies, Inc."
WTTR,Select Water Solutions Inc
WULF,TeraWulf Inc
WW,WW International Inc
WWW,"Wolverine World Wide, Inc."
XERS,Xeris Biopharma Holdings Inc
XHR,Xenia Hotels & Resorts Inc
XMTR,Xometry Inc
XNCR,Xencor Inc
XOS,Xos Inc
XPEL,XPEL Inc
XPER,Xperi Inc
XPOF,Xponential Fitness Inc
XPRO,Expro Group Holdings N.V.
XRX,Xerox Holdings Corp
XXII,22nd Century Group Inc
YELP,Yelp Inc
YEXT,Yext Inc
YMAB,Y-Mabs Therapeutics Inc
YORW,York Water Co.
YOU,Clear Secure Inc
ZD,Ziff Davis Inc
ZETA,Zeta Global Holdings Corp
ZEUS,Olympic Steel Inc.
ZEV,Lightning eMotors Inc
ZGN,Ermenegildo Zegna N.V.
ZIMV,ZimVie Inc
ZIP,ZipRecruiter Inc
ZNTL,Zentalis Pharmaceuticals Inc
ZUMZ,Zumiez Inc
ZUO,Zuora Inc
ZWS,Zurn Elkay Water Solutions Corp
ZYXI,Zynex Inc
